[{"model": "auth.user", "pk": 1, "fields": {"password": "pbkdf2_sha256$150000$w7IAio4IXyMu$Caulfwe6oQ3p2YKd703wpVzt7qU4L2ZPKRgrB5iI0/c=", "last_login": "2020-06-14T13:56:46.874Z", "is_superuser": true, "username": "gr", "first_name": "", "last_name": "", "email": "", "is_staff": true, "is_active": true, "date_joined": "2020-06-14T13:56:30.643Z", "groups": [], "user_permissions": []}}, {"model": "sessions.session", "pk": "1jkp7eozyrg0vq2oms7bz3pg5ev66o23", "fields": {"session_data": "ODRhMTExMmE4YWI5YWMwNWIyZGYxZGI3MjAyMWQ5MTlmM2YwMTVmNDp7Il9hdXRoX3VzZXJfaGFzaCI6IjdjMDkwNWIxOTM1NmEyODJiMjE3YTBlYzhkMGMwOGNkMTQyZDBlYzkiLCJfYXV0aF91c2VyX2JhY2tlbmQiOiJkamFuZ28uY29udHJpYi5hdXRoLmJhY2tlbmRzLk1vZGVsQmFja2VuZCIsIl9hdXRoX3VzZXJfaWQiOiIxIn0=", "expire_date": "2020-06-28T13:56:46.894Z"}}, {"model": "easy_thumbnails.source", "pk": 1, "fields": {"storage_hash": "f9bde26a1556cd667f742bd34ec7c55e", "name": "mediafiles/1/_23-2147556185.jpg", "modified": "2020-06-14T14:31:00.308Z"}}, {"model": "easy_thumbnails.source", "pk": 2, "fields": {"storage_hash": "f9bde26a1556cd667f742bd34ec7c55e", "name": "news/3/ww.jpeg", "modified": "2020-06-14T15:22:35.729Z"}}, {"model": "easy_thumbnails.source", "pk": 3, "fields": {"storage_hash": "f9bde26a1556cd667f742bd34ec7c55e", "name": "main/partner/1/logo.png", "modified": "2020-06-14T14:05:50.157Z"}}, {"model": "easy_thumbnails.source", "pk": 4, "fields": {"storage_hash": "f9bde26a1556cd667f742bd34ec7c55e", "name": "news/2/ww.jpeg", "modified": "2020-06-14T17:01:07.945Z"}}, {"model": "easy_thumbnails.source", "pk": 5, "fields": {"storage_hash": "f9bde26a1556cd667f742bd34ec7c55e", "name": "main/partner/2/logo.png", "modified": "2020-06-14T14:05:50.437Z"}}, {"model": "easy_thumbnails.source", "pk": 6, "fields": {"storage_hash": "f9bde26a1556cd667f742bd34ec7c55e", "name": "news/1/ww.jpeg", "modified": "2020-06-14T15:22:08.584Z"}}, {"model": "easy_thumbnails.source", "pk": 7, "fields": {"storage_hash": "f9bde26a1556cd667f742bd34ec7c55e", "name": "main/partner/3/logo.png", "modified": "2020-06-14T14:05:50.701Z"}}, {"model": "easy_thumbnails.source", "pk": 8, "fields": {"storage_hash": "f9bde26a1556cd667f742bd34ec7c55e", "name": "mediafiles/2/_23-2147556185.jpg", "modified": "2020-06-14T15:11:55.044Z"}}, {"model": "easy_thumbnails.source", "pk": 9, "fields": {"storage_hash": "f9bde26a1556cd667f742bd34ec7c55e", "name": "mediafiles/3/_23-2147556185.jpg", "modified": "2020-06-14T15:11:55.257Z"}}, {"model": "easy_thumbnails.source", "pk": 10, "fields": {"storage_hash": "f9bde26a1556cd667f742bd34ec7c55e", "name": "mediafiles/4/_23-2147556185.jpg", "modified": "2020-06-14T15:11:55.380Z"}}, {"model": "easy_thumbnails.source", "pk": 11, "fields": {"storage_hash": "f9bde26a1556cd667f742bd34ec7c55e", "name": "news/4/ww.jpeg", "modified": "2020-06-14T15:22:07.975Z"}}, {"model": "easy_thumbnails.source", "pk": 12, "fields": {"storage_hash": "f9bde26a1556cd667f742bd34ec7c55e", "name": "event/1/picture.jpg", "modified": "2020-06-14T15:22:02.028Z"}}, {"model": "easy_thumbnails.source", "pk": 13, "fields": {"storage_hash": "f9bde26a1556cd667f742bd34ec7c55e", "name": "event/2/picture.jpg", "modified": "2020-06-14T17:03:41.191Z"}}, {"model": "easy_thumbnails.source", "pk": 14, "fields": {"storage_hash": "f9bde26a1556cd667f742bd34ec7c55e", "name": "news/5/ww.jpeg", "modified": "2020-06-14T17:01:08.051Z"}}, {"model": "easy_thumbnails.source", "pk": 15, "fields": {"storage_hash": "f9bde26a1556cd667f742bd34ec7c55e", "name": "event/3/picture.jpg", "modified": "2020-06-14T20:21:17.919Z"}}, {"model": "easy_thumbnails.source", "pk": 16, "fields": {"storage_hash": "f9bde26a1556cd667f742bd34ec7c55e", "name": "news/6/_23-2147556185.jpg", "modified": "2020-06-14T17:01:07.809Z"}}, {"model": "easy_thumbnails.source", "pk": 17, "fields": {"storage_hash": "f9bde26a1556cd667f742bd34ec7c55e", "name": "news/7/pablo_2.png", "modified": "2020-06-14T23:55:27.316Z"}}, {"model": "easy_thumbnails.thumbnail", "pk": 1, "fields": {"storage_hash": "d26becbf46ac48eda79c7a39a13a02dd", "name": "mediafiles/1/_23-2147556185.jpg.300x300_q85_detail_upscale.jpg", "modified": "2020-06-14T14:02:08.238Z", "source": 1}}, {"model": "easy_thumbnails.thumbnail", "pk": 2, "fields": {"storage_hash": "d26becbf46ac48eda79c7a39a13a02dd", "name": "news/3/ww.jpeg.900x315_q85_box-0,45,272,140_crop_detail.jpg", "modified": "2020-06-14T14:05:50.067Z", "source": 2}}, {"model": "easy_thumbnails.thumbnail", "pk": 3, "fields": {"storage_hash": "d26becbf46ac48eda79c7a39a13a02dd", "name": "main/partner/1/logo.png.50x50_q85_box-6,0,112,105_crop_detail.png", "modified": "2020-06-14T14:05:50.275Z", "source": 3}}, {"model": "easy_thumbnails.thumbnail", "pk": 4, "fields": {"storage_hash": "d26becbf46ac48eda79c7a39a13a02dd", "name": "news/2/ww.jpeg.900x315_q85_box-0,45,272,140_crop_detail.jpg", "modified": "2020-06-14T14:05:50.361Z", "source": 4}}, {"model": "easy_thumbnails.thumbnail", "pk": 5, "fields": {"storage_hash": "d26becbf46ac48eda79c7a39a13a02dd", "name": "main/partner/2/logo.png.50x50_q85_box-6,0,112,105_crop_detail.png", "modified": "2020-06-14T14:05:50.557Z", "source": 5}}, {"model": "easy_thumbnails.thumbnail", "pk": 6, "fields": {"storage_hash": "d26becbf46ac48eda79c7a39a13a02dd", "name": "news/1/ww.jpeg.900x315_q85_box-0,45,272,140_crop_detail.jpg", "modified": "2020-06-14T14:05:50.636Z", "source": 6}}, {"model": "easy_thumbnails.thumbnail", "pk": 7, "fields": {"storage_hash": "d26becbf46ac48eda79c7a39a13a02dd", "name": "main/partner/3/logo.png.50x50_q85_box-6,0,112,105_crop_detail.png", "modified": "2020-06-14T14:05:50.807Z", "source": 7}}, {"model": "easy_thumbnails.thumbnail", "pk": 8, "fields": {"storage_hash": "d26becbf46ac48eda79c7a39a13a02dd", "name": "news/2/ww.jpeg.300x300_q85_box-44,0,228,185_crop_detail.jpg", "modified": "2020-06-14T14:31:00.217Z", "source": 4}}, {"model": "easy_thumbnails.thumbnail", "pk": 9, "fields": {"storage_hash": "d26becbf46ac48eda79c7a39a13a02dd", "name": "mediafiles/1/_23-2147556185.jpg.280x140_q85_box-0,156,626,470_crop_detail.jpg", "modified": "2020-06-14T14:31:00.450Z", "source": 1}}, {"model": "easy_thumbnails.thumbnail", "pk": 10, "fields": {"storage_hash": "d26becbf46ac48eda79c7a39a13a02dd", "name": "news/1/ww.jpeg.300x300_q85_box-44,0,228,185_crop_detail.jpg", "modified": "2020-06-14T14:31:00.539Z", "source": 6}}, {"model": "easy_thumbnails.thumbnail", "pk": 11, "fields": {"storage_hash": "d26becbf46ac48eda79c7a39a13a02dd", "name": "mediafiles/2/_23-2147556185.jpg.300x300_q85_detail_upscale.jpg", "modified": "2020-06-14T15:11:37.258Z", "source": 8}}, {"model": "easy_thumbnails.thumbnail", "pk": 12, "fields": {"storage_hash": "d26becbf46ac48eda79c7a39a13a02dd", "name": "mediafiles/3/_23-2147556185.jpg.300x300_q85_detail_upscale.jpg", "modified": "2020-06-14T15:11:44.768Z", "source": 9}}, {"model": "easy_thumbnails.thumbnail", "pk": 13, "fields": {"storage_hash": "d26becbf46ac48eda79c7a39a13a02dd", "name": "mediafiles/4/_23-2147556185.jpg.300x300_q85_detail_upscale.jpg", "modified": "2020-06-14T15:11:52.781Z", "source": 10}}, {"model": "easy_thumbnails.thumbnail", "pk": 14, "fields": {"storage_hash": "d26becbf46ac48eda79c7a39a13a02dd", "name": "mediafiles/2/_23-2147556185.jpg.280x140_q85_box-0,156,626,470_crop_detail.jpg", "modified": "2020-06-14T15:11:55.153Z", "source": 8}}, {"model": "easy_thumbnails.thumbnail", "pk": 15, "fields": {"storage_hash": "d26becbf46ac48eda79c7a39a13a02dd", "name": "mediafiles/3/_23-2147556185.jpg.280x140_q85_box-0,156,626,470_crop_detail.jpg", "modified": "2020-06-14T15:11:55.302Z", "source": 9}}, {"model": "easy_thumbnails.thumbnail", "pk": 16, "fields": {"storage_hash": "d26becbf46ac48eda79c7a39a13a02dd", "name": "mediafiles/4/_23-2147556185.jpg.280x140_q85_box-0,156,626,470_crop_detail.jpg", "modified": "2020-06-14T15:11:55.407Z", "source": 10}}, {"model": "easy_thumbnails.thumbnail", "pk": 17, "fields": {"storage_hash": "d26becbf46ac48eda79c7a39a13a02dd", "name": "news/4/ww.jpeg.300x300_q85_box-44,0,228,185_crop_detail.jpg", "modified": "2020-06-14T15:15:02.942Z", "source": 11}}, {"model": "easy_thumbnails.thumbnail", "pk": 18, "fields": {"storage_hash": "d26becbf46ac48eda79c7a39a13a02dd", "name": "news/4/ww.jpeg.300x300_q85_detail_upscale.jpg", "modified": "2020-06-14T15:15:07.245Z", "source": 11}}, {"model": "easy_thumbnails.thumbnail", "pk": 19, "fields": {"storage_hash": "d26becbf46ac48eda79c7a39a13a02dd", "name": "news/3/ww.jpeg.300x300_q85_detail_upscale.jpg", "modified": "2020-06-14T15:16:55.549Z", "source": 2}}, {"model": "easy_thumbnails.thumbnail", "pk": 20, "fields": {"storage_hash": "d26becbf46ac48eda79c7a39a13a02dd", "name": "news/1/ww.jpeg.300x300_q85_detail_upscale.jpg", "modified": "2020-06-14T15:16:57.652Z", "source": 6}}, {"model": "easy_thumbnails.thumbnail", "pk": 21, "fields": {"storage_hash": "d26becbf46ac48eda79c7a39a13a02dd", "name": "event/1/picture.jpg.300x300_q85_detail_upscale.jpg", "modified": "2020-06-14T15:20:31.540Z", "source": 12}}, {"model": "easy_thumbnails.thumbnail", "pk": 22, "fields": {"storage_hash": "d26becbf46ac48eda79c7a39a13a02dd", "name": "news/4/ww.jpeg.300x300_q85_box-44,0,229,185_crop_detail.jpg", "modified": "2020-06-14T15:20:42.593Z", "source": 11}}, {"model": "easy_thumbnails.thumbnail", "pk": 23, "fields": {"storage_hash": "d26becbf46ac48eda79c7a39a13a02dd", "name": "event/1/picture.jpg.390x280_q85_box-79,0,651,411_crop_detail.jpg", "modified": "2020-06-14T15:20:42.730Z", "source": 12}}, {"model": "easy_thumbnails.thumbnail", "pk": 24, "fields": {"storage_hash": "d26becbf46ac48eda79c7a39a13a02dd", "name": "news/1/ww.jpeg.300x300_q85_box-44,0,229,185_crop_detail.jpg", "modified": "2020-06-14T15:20:43.054Z", "source": 6}}, {"model": "easy_thumbnails.thumbnail", "pk": 25, "fields": {"storage_hash": "d26becbf46ac48eda79c7a39a13a02dd", "name": "event/2/picture.jpg.390x280_q85_box-79,0,651,411_crop_detail.jpg", "modified": "2020-06-14T15:21:58.259Z", "source": 13}}, {"model": "easy_thumbnails.thumbnail", "pk": 26, "fields": {"storage_hash": "d26becbf46ac48eda79c7a39a13a02dd", "name": "event/1/picture.jpg.900x315_q85_box-0,78,730,333_crop_detail.jpg", "modified": "2020-06-14T15:22:02.111Z", "source": 12}}, {"model": "easy_thumbnails.thumbnail", "pk": 27, "fields": {"storage_hash": "d26becbf46ac48eda79c7a39a13a02dd", "name": "news/4/ww.jpeg.900x315_q85_box-0,45,272,141_crop_detail.jpg", "modified": "2020-06-14T15:22:08.105Z", "source": 11}}, {"model": "easy_thumbnails.thumbnail", "pk": 28, "fields": {"storage_hash": "d26becbf46ac48eda79c7a39a13a02dd", "name": "news/3/ww.jpeg.900x315_q85_box-0,45,272,141_crop_detail.jpg", "modified": "2020-06-14T15:22:08.386Z", "source": 2}}, {"model": "easy_thumbnails.thumbnail", "pk": 29, "fields": {"storage_hash": "d26becbf46ac48eda79c7a39a13a02dd", "name": "news/1/ww.jpeg.900x315_q85_box-0,45,272,141_crop_detail.jpg", "modified": "2020-06-14T15:22:08.630Z", "source": 6}}, {"model": "easy_thumbnails.thumbnail", "pk": 30, "fields": {"storage_hash": "d26becbf46ac48eda79c7a39a13a02dd", "name": "news/5/ww.jpeg.900x315_q85_box-0,45,272,140_crop_detail.jpg", "modified": "2020-06-14T15:22:08.732Z", "source": 14}}, {"model": "easy_thumbnails.thumbnail", "pk": 31, "fields": {"storage_hash": "d26becbf46ac48eda79c7a39a13a02dd", "name": "news/3/ww.jpeg.300x300_q85_box-44,0,229,185_crop_detail.jpg", "modified": "2020-06-14T15:22:35.758Z", "source": 2}}, {"model": "easy_thumbnails.thumbnail", "pk": 32, "fields": {"storage_hash": "d26becbf46ac48eda79c7a39a13a02dd", "name": "news/2/ww.jpeg.300x300_q85_detail_upscale.jpg", "modified": "2020-06-14T16:55:08.875Z", "source": 4}}, {"model": "easy_thumbnails.thumbnail", "pk": 33, "fields": {"storage_hash": "d26becbf46ac48eda79c7a39a13a02dd", "name": "news/5/ww.jpeg.300x300_q85_detail_upscale.jpg", "modified": "2020-06-14T16:55:11.507Z", "source": 14}}, {"model": "easy_thumbnails.thumbnail", "pk": 34, "fields": {"storage_hash": "d26becbf46ac48eda79c7a39a13a02dd", "name": "event/3/picture.jpg.900x315_q85_box-0,78,730,333_crop_detail.jpg", "modified": "2020-06-14T16:59:10.202Z", "source": 15}}, {"model": "easy_thumbnails.thumbnail", "pk": 35, "fields": {"storage_hash": "d26becbf46ac48eda79c7a39a13a02dd", "name": "news/2/ww.jpeg.300x300_q85_box-44,0,229,185_crop_detail.jpg", "modified": "2020-06-14T16:59:29.706Z", "source": 4}}, {"model": "easy_thumbnails.thumbnail", "pk": 36, "fields": {"storage_hash": "d26becbf46ac48eda79c7a39a13a02dd", "name": "news/6/_23-2147556185.jpg.900x315_q85_box-0,203,626,423_crop_detail.jpg", "modified": "2020-06-14T17:01:07.849Z", "source": 16}}, {"model": "easy_thumbnails.thumbnail", "pk": 37, "fields": {"storage_hash": "d26becbf46ac48eda79c7a39a13a02dd", "name": "news/2/ww.jpeg.900x315_q85_box-0,45,272,141_crop_detail.jpg", "modified": "2020-06-14T17:01:07.976Z", "source": 4}}, {"model": "easy_thumbnails.thumbnail", "pk": 38, "fields": {"storage_hash": "d26becbf46ac48eda79c7a39a13a02dd", "name": "news/5/ww.jpeg.900x315_q85_box-0,45,272,141_crop_detail.jpg", "modified": "2020-06-14T17:01:08.085Z", "source": 14}}, {"model": "easy_thumbnails.thumbnail", "pk": 39, "fields": {"storage_hash": "d26becbf46ac48eda79c7a39a13a02dd", "name": "event/3/picture.jpg.390x280_q85_box-79,0,651,411_crop_detail.jpg", "modified": "2020-06-14T17:03:05.297Z", "source": 15}}, {"model": "easy_thumbnails.thumbnail", "pk": 40, "fields": {"storage_hash": "d26becbf46ac48eda79c7a39a13a02dd", "name": "event/2/picture.jpg.900x315_q85_box-0,78,730,333_crop_detail.jpg", "modified": "2020-06-14T17:03:41.227Z", "source": 13}}, {"model": "easy_thumbnails.thumbnail", "pk": 41, "fields": {"storage_hash": "d26becbf46ac48eda79c7a39a13a02dd", "name": "event/3/picture.jpg.300x300_q85_detail_upscale.jpg", "modified": "2020-06-14T20:21:17.963Z", "source": 15}}, {"model": "easy_thumbnails.thumbnail", "pk": 42, "fields": {"storage_hash": "d26becbf46ac48eda79c7a39a13a02dd", "name": "news/7/pablo_2.png.900x315_q85_box-0,333,1024,691_crop_detail.png", "modified": "2020-06-14T23:55:27.360Z", "source": 17}}, {"model": "main.main", "pk": 1, "fields": {"banner": "main/main/1/pngtree-football-colorful-game-poster-banner-background-image_194132.jpg", "logo": "", "copyright": "\u041b\u044e\u0431\u043e\u0435 \u0438\u0441\u043f\u043e\u043b\u044c\u0437\u043e\u0432\u0430\u043d\u0438\u0435 \u043c\u0430\u0442\u0435\u0440\u0438\u0430\u043b\u043e\u0432 \u0434\u043e\u043f\u0443\u0441\u043a\u0430\u0435\u0442\u0441\u044f \u0442\u043e\u043b\u044c\u043a\u043e \u0441 \u0441\u043e\u0433\u043b\u0430\u0441\u0438\u044f \u0444\u0435\u0434\u0435\u0440\u0430\u0446\u0438\u0438. \u0412\u0441\u0435 \u043f\u0440\u0430\u0432\u0430 \u043d\u0430 \u0438\u0437\u043e\u0431\u0440\u0430\u0436\u0435\u043d\u0438\u044f \u0438 \u0442\u0435\u043a\u0441\u0442\u044b \u043f\u0440\u0438\u043d\u0430\u0434\u043b\u0435\u0436\u0430\u0442 \u0438\u0445 \u0430\u0432\u0442\u043e\u0440\u0430\u043c. \u00a9 2020. \u0412\u0441\u0435 \u043f\u0440\u0430\u0432\u0430 \u0437\u0430\u0449\u0438\u0449\u0435\u043d\u044b."}}, {"model": "main.menu", "pk": 1, "fields": {"id_fk": 1, "title": "\u0413\u043b\u0430\u0432\u043d\u0430\u044f", "path": "/#anchorTop", "customOrder": 1}}, {"model": "main.menu", "pk": 2, "fields": {"id_fk": 1, "title": "\u0424\u0435\u0434\u0435\u0440\u0430\u0446\u0438\u044f", "path": "/federation", "customOrder": 2}}, {"model": "main.menu", "pk": 3, "fields": {"id_fk": 1, "title": "\u041d\u043e\u0432\u043e\u0441\u0442\u0438", "path": "/news", "customOrder": 3}}, {"model": "main.menu", "pk": 4, "fields": {"id_fk": 1, "title": "\u0421\u043e\u0431\u044b\u0442\u0438\u044f", "path": "/events", "customOrder": 4}}, {"model": "main.menu", "pk": 5, "fields": {"id_fk": 1, "title": "\u041d\u0430\u043f\u0440\u0430\u0432\u043b\u0435\u043d\u0438\u044f", "path": "/direction", "customOrder": 5}}, {"model": "main.menu", "pk": 6, "fields": {"id_fk": 1, "title": "\u041c\u0435\u0434\u0438\u0430", "path": "/#mediafiles", "customOrder": 6}}, {"model": "main.menu", "pk": 7, "fields": {"id_fk": 1, "title": "\u041a\u043e\u043d\u0442\u0430\u043a\u0442\u044b", "path": "/#footer", "customOrder": 7}}, {"model": "main.partner", "pk": 1, "fields": {"id_fk": 1, "url": "https://fadm.gov.ru/", "customOrder": 1, "imageOld": "main/partner/1/logo.png", "image": "6,0,112,105"}}, {"model": "main.partner", "pk": 2, "fields": {"id_fk": 1, "url": "http://kmpro.donland.ru/", "customOrder": 2, "imageOld": "main/partner/2/logo.png", "image": "6,0,112,105"}}, {"model": "main.partner", "pk": 3, "fields": {"id_fk": 1, "url": "https://www.donland.ru/", "customOrder": 3, "imageOld": "main/partner/3/logo.png", "image": "6,0,112,105"}}, {"model": "main.socialnet", "pk": 1, "fields": {"id_fk": 1, "vk": "https://vk.com/futsaltgnru", "instagram": "https://www.instagram.com", "youtube": "https://www.youtube.com/channel/UCv0OMjaAepsjBoHkgbeC6bw", "facebook": "https://www.facebook.com"}}, {"model": "main.contact", "pk": 1, "fields": {"id_fk": 1, "title": "\u041a\u043e\u043d\u0442\u0430\u043a\u0442\u044b", "phone": "8-988-578-73-45", "email": "fut5x5@gmail.com", "address": "\u0443\u043b.\u041f\u0435\u0442\u0440\u043e\u0432\u0441\u043a\u0430\u044f, 81\u0430 \u0422\u0430\u0433\u0430\u043d\u0440\u043e\u0433", "map": "https://yandex.ru/maps/971/taganrog/house/petrovskaya_ulitsa_81a/Z0EYfwVmT0AGQFptfX5wd3phYQ==/?ll=38.926651%2C47.216625&z=16.26"}}, {"model": "main.contact", "pk": 2, "fields": {"id_fk": 1, "title": "\u0414\u043b\u044f \u041f\u0430\u0440\u0442\u043d\u0435\u0440\u043e\u0432", "phone": "8-928-355-02-08", "email": "fut5x5@gmail.com", "address": "\u0443\u043b.\u041f\u0435\u0442\u0440\u043e\u0432\u0441\u043a\u0430\u044f, 81\u0430 \u0422\u0430\u0433\u0430\u043d\u0440\u043e\u0433", "map": "https://yandex.ru/maps/971/taganrog/house/petrovskaya_ulitsa_81a/Z0EYfwVmT0AGQFptfX5wd3phYQ==/?ll=38.926651%2C47.216625&z=16.26"}}, {"model": "directions.trend", "pk": 1, "fields": {"title": "\u041a\u043e\u043c\u0430\u043d\u0434\u044b", "text": "<p>\u0418\u043d\u0444\u043e\u0440\u043c\u0430\u0446\u0438\u044f \u043e \u0432\u0441\u0435\u0445 \u0444\u0443\u0442\u0431\u043e\u043b\u044c\u043d\u044b\u0445 \u043a\u043e\u043c\u0430\u043d\u0434\u0430\u0445 \u0433\u043e\u0440\u043e\u0434\u0430</p>", "imageInactive": "", "imageActive": "", "customOrder": 2}}, {"model": "directions.trend", "pk": 2, "fields": {"title": "\u0410\u0440\u0445\u0438\u0432", "text": "<p>\u0424\u0443\u0442\u0431\u043e\u043b - \u043f\u0440\u0435\u043a\u0440\u0430\u0441\u043d\u0430\u044f \u0438\u0433\u0440\u0430, \u0438 \u043f\u0430\u043c\u044f\u0442\u044c \u043e \u043a\u0430\u0436\u0434\u043e\u043c \u043c\u0430\u0442\u0447\u0435 \u0434\u043e\u043b\u0436\u043d\u0430 \u043e\u0441\u0442\u0430\u0432\u0430\u0442\u044c\u0441\u044f \u0441 \u043d\u0430\u043c\u0438!</p>", "imageInactive": "", "imageActive": "", "customOrder": 4}}, {"model": "directions.trend", "pk": 3, "fields": {"title": "\u0427\u0435\u043c\u043f\u0438\u043e\u043d\u0430\u0442 \u0433\u043e\u0440\u043e\u0434\u0430 \u043f\u043e \u043c\u0438\u043d\u0438-\u0444\u0443\u0442\u0431\u043e\u043b\u0443", "text": "<p>\u0427\u0435\u043c\u043f\u0438\u043e\u043d\u0430\u0442 \u0433\u043e\u0440\u043e\u0434\u0430 \u0422\u0430\u0433\u0430\u043d\u0440\u043e\u0433\u0430 \u043f\u0440\u043e\u0432\u043e\u0434\u0438\u0442\u0441\u044f \u0440\u0430\u0437 \u0432 \u0433\u043e\u0434. \u0423\u0447\u0430\u0441\u0442\u0438\u0435 \u0432 \u0441\u043e\u0440\u0435\u0432\u043d\u043e\u0432\u0430\u043d\u0438\u0438 \u043c\u043e\u0433\u0443\u0442 \u043f\u0440\u0438\u043d\u0438\u043c\u0430\u0442\u044c \u043b\u044e\u0431\u0438\u0442\u0435\u043b\u044c\u0441\u043a\u0438\u0435 \u0438 \u043f\u043e\u043b\u0443-\u043f\u0440\u043e\u0444\u0435\u0441\u0441\u0438\u043e\u043d\u0430\u043b\u044c\u043d\u044b\u0435 \u043a\u043e\u043c\u0430\u043d\u0434\u044b, \u043a\u043b\u0443\u0431\u044b, \u0441\u0431\u043e\u0440\u043d\u044b\u0435.</p>", "imageInactive": "", "imageActive": "", "customOrder": 1}}, {"model": "directions.trend", "pk": 4, "fields": {"title": "\u0424\u0435\u0434\u0435\u0440\u0430\u0446\u0438\u044f", "text": "<p>\u041d\u043e\u0432\u043e\u0441\u0442\u0438, \u0442\u0430\u043a \u0438\u043b\u0438 \u0438\u043d\u0430\u0447\u0435 \u0441\u0432\u044f\u0437\u0430\u043d\u043d\u044b\u0435 \u0441 \u043e\u0440\u0433\u0430\u043d\u0438\u0437\u0430\u0446\u0438\u0435\u0439</p>", "imageInactive": "", "imageActive": "", "customOrder": 3}}, {"model": "directions.direction", "pk": 1, "fields": {"id_fk": 1, "title": "\u0415\u0432\u0440\u043e-\u041b", "customOrder": 1}}, {"model": "directions.direction", "pk": 2, "fields": {"id_fk": 2, "title": "2019", "customOrder": 1}}, {"model": "directions.direction", "pk": 3, "fields": {"id_fk": 2, "title": "2020", "customOrder": 2}}, {"model": "directions.direction", "pk": 4, "fields": {"id_fk": 1, "title": "\u042d\u043b\u0435\u043a\u0442\u0440\u043e\u0442\u0435\u0445\u043d\u0438\u043a", "customOrder": 2}}, {"model": "directions.direction", "pk": 5, "fields": {"id_fk": 1, "title": "\u0410\u0434\u0432\u0435\u0440", "customOrder": 3}}, {"model": "directions.direction", "pk": 6, "fields": {"id_fk": 3, "title": "\u0438\u0433\u0440\u044b", "customOrder": 1}}, {"model": "directions.direction", "pk": 7, "fields": {"id_fk": 3, "title": "\u0440\u0435\u0437\u0443\u043b\u044c\u0442\u0430\u0442\u044b", "customOrder": 2}}, {"model": "directions.direction", "pk": 8, "fields": {"id_fk": 3, "title": "\u043d\u0430\u0433\u0440\u0430\u0434\u044b", "customOrder": 3}}, {"model": "directions.direction", "pk": 9, "fields": {"id_fk": 4, "title": "\u043a\u0444\u043a", "customOrder": 1}}, {"model": "directions.direction", "pk": 10, "fields": {"id_fk": 1, "title": "\u0421\u0442\u0430\u043b\u044c-\u0413\u041c\u041f\u0420", "customOrder": 4}}, {"model": "directions.direction", "pk": 11, "fields": {"id_fk": 1, "title": "\u041f\u043e\u0431\u0435\u0434\u0430", "customOrder": 5}}, {"model": "directions.direction", "pk": 12, "fields": {"id_fk": 1, "title": "\u041a\u0440\u0435\u0447\u0435\u0442", "customOrder": 6}}, {"model": "directions.direction", "pk": 13, "fields": {"id_fk": 1, "title": "\u0422\u043e\u043f\u043b\u0438\u043d\u0433", "customOrder": 7}}, {"model": "directions.direction", "pk": 14, "fields": {"id_fk": 1, "title": "\u0422\u0440\u0430\u043d\u0441\u0430\u0433\u0435\u043d\u0442", "customOrder": 8}}, {"model": "directions.trendsdocuments", "pk": 1, "fields": {"id_fk": 2, "title": "\u0414\u043e\u043a\u0443\u043c\u0435\u043d\u0442", "file": "trends/\u0421\u0435\u0440\u0442\u0438\u0444\u0438\u043a\u0430\u0442_\u043e\u0431_\u043e\u043a\u043e\u043d\u0447\u0430\u043d\u0438\u0438_\u043a\u0443\u0440\u0441\u0430.pdf", "customOrder": 1}}, {"model": "directions.trendsdocuments", "pk": 2, "fields": {"id_fk": 1, "title": "\u0414\u043e\u043a\u0443\u043c\u0435\u043d\u0442", "file": "trends/Testirovanie_Labba_2.pdf", "customOrder": 1}}, {"model": "federation.federation", "pk": 1, "fields": {"title": "\u0424\u0415\u0414\u0415\u0420\u0410\u0426\u0418\u042f", "work_time": "<p>\u041f\u043e\u043d\u0435\u0434\u0435\u043b\u044c\u043d\u0438\u043a-\u0447\u0435\u0442\u0432\u0435\u0440\u0433: 9:00 - 18:00<br />\r\n\u041f\u044f\u0442\u043d\u0438\u0446\u0430: 9:00 - 16:45<br />\r\n\u041f\u0435\u0440\u0435\u0440\u044b\u0432: 13:00 - 13:45<br />\r\n\u0412\u044b\u0445\u043e\u0434\u043d\u044b\u0435: \u0441\u0443\u0431\u0431\u043e\u0442\u0430, \u0432\u043e\u0441\u043a\u0440\u0435\u0441\u0435\u043d\u044c\u0435</p>", "text": "<p>\u041e\u0444\u0438\u0446\u0438\u0430\u043b\u044c\u043d\u044b\u0439 \u0441\u0430\u0439\u0442&nbsp;\u0424\u0435\u0434\u0435\u0440\u0430\u0446\u0438\u0438 \u0444\u0443\u0442\u0431\u043e\u043b\u0430 \u0433.\u0422\u0430\u0433\u0430\u043d\u0440\u043e\u0433\u0430 5\u04255<br />\r\n\u041d\u043e\u0432\u043e\u0441\u0442\u0438 \u0422\u0430\u0433\u0430\u043d\u0440\u043e\u0433\u0441\u043a\u043e\u0433\u043e \u0444\u0443\u0442\u0431\u043e\u043b\u0430.<br />\r\n\u041d\u043e\u0432\u043e\u0441\u0442\u0438, \u0444\u043e\u0442\u043e\u0433\u0440\u0430\u0444\u0438\u0438, \u0432\u0438\u0434\u0435\u043e, \u043e\u0431\u0441\u0443\u0436\u0434\u0435\u043d\u0438\u0435, \u043e\u0431\u0437\u043e\u0440 \u0441\u043e\u0440\u0435\u0432\u043d\u043e\u0432\u0430\u043d\u0438\u0439 \u0438 \u0442\u0443\u0440\u043d\u0438\u0440\u043e\u0432.</p>", "email": "fut5x5@gmail.com", "phone": "8-988-578-73-45", "address": "\u0443\u043b.\u041f\u0435\u0442\u0440\u043e\u0432\u0441\u043a\u0430\u044f, 81\u0430 \u0422\u0430\u0433\u0430\u043d\u0440\u043e\u0433", "map": "https://yandex.ru/maps/971/taganrog/house/petrovskaya_ulitsa_81a/Z0EYfwVmT0AGQFptfX5wd3phYQ==/?ll=38.926651%2C47.216625&z=16.26"}}, {"model": "federation.federationelement", "pk": 1, "fields": {"id_fk": 1, "title": "\u0418\u0441\u043f\u043e\u043b\u043a\u043e\u043c", "customOrder": 1}}, {"model": "federation.federationelement", "pk": 2, "fields": {"id_fk": 1, "title": "\u0421\u0443\u0434\u044c\u0438", "customOrder": 2}}, {"model": "federation.federationstaff", "pk": 1, "fields": {"id_fk": 1, "name": "\u0422\u043e\u043f\u0447\u0438\u0435\u0432 \u0410\u043b\u0435\u043a\u0441\u0435\u0439 \u041d\u0438\u043a\u043e\u043b\u0430\u0435\u0432\u0438\u0447", "position": "\u041f\u0440\u0435\u0434\u0441\u0435\u0434\u0430\u0442\u0435\u043b\u044c \u0424\u0435\u0434\u0435\u0440\u0430\u0446\u0438\u0438 \u0444\u0443\u0442\u0431\u043e\u043b\u0430, \u041f\u0440\u0435\u0434\u0441\u0435\u0434\u0430\u0442\u0435\u043b\u044c \u041a\u0414\u041a", "image": "federationstaff/1/foto-sotrudnikov-banner-1_3DJrqP4.jpg", "text": "<p>\u0424\u0443\u0442\u0431\u043e\u043b\u044c\u043d\u0430\u044f \u043a\u0430\u0440\u044c\u0435\u0440\u0430:</p>\r\n\r\n<p>\u0422\u043e\u0440\u043f\u0435\u0434\u043e \u0422\u0430\u0433\u0430\u043d\u0440\u043e\u0433, 1977-1984;</p>\r\n\r\n<p>\u0421\u041a\u0410 \u041a\u0438\u0435\u0432 1-\u0430\u044f \u043b\u0438\u0433\u0430 \u0421\u0421\u0421\u0420, 1981</p>\r\n\r\n<p>\u0421\u0443\u0434\u0435\u0439\u0441\u043a\u0430\u044f \u043a\u0430\u0440\u044c\u0435\u0440\u0430:</p>\r\n\r\n<p>\u0421 1987 \u043f\u043e 1995 \u043e\u0431\u0441\u043b\u0443\u0436\u0438\u0432\u0430\u043b \u0438\u0433\u0440\u044b: &nbsp; &nbsp; &nbsp; &nbsp; &nbsp; &nbsp; &nbsp; &nbsp; &nbsp; &nbsp; &nbsp; &nbsp; &nbsp; &nbsp; &nbsp; &nbsp;</p>\r\n\r\n<p>\u041f\u0435\u0440\u0432\u0435\u043d\u0441\u0442\u0432\u043e \u0421\u0421\u0421\u0420, 2-\u0430\u044f \u043b\u0438\u0433\u0430, &nbsp; &nbsp; &nbsp; &nbsp; &nbsp; &nbsp; &nbsp; &nbsp; &nbsp; &nbsp; &nbsp; &nbsp; &nbsp; &nbsp; &nbsp; &nbsp; &nbsp; &nbsp; &nbsp; &nbsp; &nbsp; &nbsp; &nbsp; &nbsp; &nbsp;</p>\r\n\r\n<p>\u041f\u0435\u0440\u0432\u0435\u043d\u0441\u0442\u0432\u043e \u0420\u043e\u0441\u0441\u0438\u0438 1-\u0430\u044f \u043b\u0438\u0433\u0430, 2-\u0430\u044f \u043b\u0438\u0433\u0430</p>", "customOrder": 1}}, {"model": "federation.federationstaff", "pk": 2, "fields": {"id_fk": 1, "name": "\u0428\u0435\u0432\u0447\u0435\u043d\u043a\u043e \u0410\u043b\u043b\u0430 \u041f\u0435\u0442\u0440\u043e\u0432\u043d\u0430", "position": "\u0437\u0430\u043c. \u043f\u0440\u0435\u0434\u0441\u0435\u0434\u0430\u0442\u0435\u043b\u044f \u0424\u0435\u0434\u0435\u0440\u0430\u0446\u0438\u0438 \u0444\u0443\u0442\u0431\u043e\u043b\u0430, \u041e\u0442\u0432\u0435\u0442\u0441\u0442\u0432\u0435\u043d\u043d\u044b\u0439 \u0437\u0430 \u0440\u0430\u0431\u043e\u0442\u0443 \u0442\u0440\u0435\u043d\u0435\u0440\u0441\u043a\u043e\u0433\u043e \u0441\u043e\u0432\u0435\u0442\u0430", "image": "federationstaff/2/portreti-sotrudnikov-foto-2.jpg", "text": "", "customOrder": 2}}, {"model": "federation.federationstaff", "pk": 3, "fields": {"id_fk": 2, "name": "\u0428\u0430\u0431\u044d\u043d\u043e\u0432 \u0428\u0430\u0431\u0435\u043d \u0413\u0435\u043d\u043d\u0430\u0434\u044c\u0435\u0432\u0438\u0447", "position": "\u0421\u0443\u0434\u044c\u044f 1 \u043a\u0430\u0442\u0435\u0433\u043e\u0440\u0438\u0438", "image": "federationstaff/None/atanov.jpg", "text": "", "customOrder": 1}}, {"model": "federation.federationstaff", "pk": 4, "fields": {"id_fk": 2, "name": "\u0421\u0430\u043c\u043e\u0435\u0434\u043e\u0432 \u0410\u0440\u0442\u0435\u043c \u0412\u0438\u043a\u0442\u043e\u0440\u043e\u0432\u0438\u0447", "position": "\u0421\u0443\u0434\u044c\u044f \u0440\u0435\u0441\u043f\u0443\u0431\u043b\u0438\u043a\u0430\u043d\u0441\u043a\u043e\u0439 \u043a\u0430\u0442\u0435\u0433\u043e\u0440\u0438\u0438", "image": "federationstaff/None/as.jpg", "text": "", "customOrder": 2}}, {"model": "federation.federationdocuments", "pk": 1, "fields": {"id_fk": 1, "title": "\u0414\u043e\u043a\u21161", "file": "documents/BIT_LR2.docx", "customOrder": 1}}, {"model": "mediafiles.mediafiles", "pk": 1, "fields": {"title": "\u041c\u0435\u0434\u0438\u0430", "urlPhotos": "https://vk.com/albums-64258902", "urlVideos": "https://www.youtube.com/channel/UCdWep5isbhMdTjzS1tr9n9Q"}}, {"model": "mediafiles.mediaphotos", "pk": 1, "fields": {"id_fk": 1, "url": "http://\u043c\u043e\u043b\u043e\u0434\u0430\u044f\u0432\u043e\u043b\u043d\u0430.\u0440\u0444", "imageOld": "mediafiles/1/_23-2147556185.jpg", "image": "0,156,626,470", "customOrder": 1, "title": "\u0410\u041b\u042c\u0411\u041e\u041c"}}, {"model": "mediafiles.mediaphotos", "pk": 2, "fields": {"id_fk": 1, "url": "http://\u043c\u043e\u043b\u043e\u0434\u0430\u044f\u0432\u043e\u043b\u043d\u0430.\u0440\u0444", "imageOld": "mediafiles/2/_23-2147556185.jpg", "image": "0,156,626,470", "customOrder": 2, "title": "\u0410\u041b\u042c\u0411\u041e\u041c"}}, {"model": "mediafiles.mediaphotos", "pk": 3, "fields": {"id_fk": 1, "url": "http://\u043c\u043e\u043b\u043e\u0434\u0430\u044f\u0432\u043e\u043b\u043d\u0430.\u0440\u0444", "imageOld": "mediafiles/3/_23-2147556185.jpg", "image": "0,156,626,470", "customOrder": 3, "title": "\u0410\u041b\u042c\u0411\u041e\u041c"}}, {"model": "mediafiles.mediaphotos", "pk": 4, "fields": {"id_fk": 1, "url": "http://\u043c\u043e\u043b\u043e\u0434\u0430\u044f\u0432\u043e\u043b\u043d\u0430.\u0440\u0444", "imageOld": "mediafiles/4/_23-2147556185.jpg", "image": "0,156,626,470", "customOrder": 4, "title": "\u0410\u041b\u042c\u0411\u041e\u041c"}}, {"model": "mediafiles.mediavideos", "pk": 1, "fields": {"id_fk": 1, "url": "https://www.youtube.com/watch?v=NDe5yu5m47g", "title": "VIDEO", "customOrder": 1}}, {"model": "searchgr.settingssearch", "pk": 1, "fields": {"id_fk": 1, "factorTitle": 10, "factorPreview": 7, "factorText": 2, "factorPage": 3, "filterGTE": "0.01", "rank_similarity": true}}, {"model": "admin.logentry", "pk": 1, "fields": {"action_time": "2020-06-14T13:59:49.850Z", "user": 1, "content_type": 15, "object_id": "1", "object_repr": "\u0418\u0417\u041c\u0415\u041d\u0418\u0422\u042c \u0413\u041b\u0410\u0412\u041d\u0423\u042e \u0421\u0422\u0420\u0410\u041d\u0418\u0426\u0423", "action_flag": 1, "change_message": "[{\"added\": {}}, {\"added\": {\"object\": \"\\u0413\\u043b\\u0430\\u0432\\u043d\\u0430\\u044f\", \"name\": \"\\u041c\\u0435\\u043d\\u044e\"}}, {\"added\": {\"object\": \"\\u0424\\u0435\\u0434\\u0435\\u0440\\u0430\\u0446\\u0438\\u044f\", \"name\": \"\\u041c\\u0435\\u043d\\u044e\"}}, {\"added\": {\"object\": \"\\u041d\\u043e\\u0432\\u043e\\u0441\\u0442\\u0438\", \"name\": \"\\u041c\\u0435\\u043d\\u044e\"}}, {\"added\": {\"object\": \"\\u0421\\u043e\\u0431\\u044b\\u0442\\u0438\\u044f\", \"name\": \"\\u041c\\u0435\\u043d\\u044e\"}}, {\"added\": {\"object\": \"\\u041d\\u0430\\u043f\\u0440\\u0430\\u0432\\u043b\\u0435\\u043d\\u0438\\u044f\", \"name\": \"\\u041c\\u0435\\u043d\\u044e\"}}, {\"added\": {\"object\": \"\\u041c\\u0435\\u0434\\u0438\\u0430\", \"name\": \"\\u041c\\u0435\\u043d\\u044e\"}}, {\"added\": {\"object\": \"\\u041a\\u043e\\u043d\\u0442\\u0430\\u043a\\u0442\\u044b\", \"name\": \"\\u041c\\u0435\\u043d\\u044e\"}}, {\"added\": {\"object\": \"\\u0412\\u041a\\u043e\\u043d\\u0442\\u0430\\u043a\\u0442\\u0435, YouTube, Facebook, Instagram\", \"name\": \"\\u0421\\u043e\\u0446\\u0438\\u0430\\u043b\\u044c\\u043d\\u044b\\u0435 \\u0441\\u0435\\u0442\\u0438\"}}, {\"added\": {\"object\": \"\\u041a\\u043e\\u043d\\u0442\\u0430\\u043a\\u0442\\u044b\", \"name\": \"\\u041a\\u043e\\u043d\\u0442\\u0430\\u043a\\u0442\"}}, {\"added\": {\"object\": \"\\u0414\\u043b\\u044f \\u0421\\u041c\\u0418\", \"name\": \"\\u041a\\u043e\\u043d\\u0442\\u0430\\u043a\\u0442\"}}, {\"added\": {\"object\": \"https://fadm.gov.ru/\", \"name\": \"\\u041f\\u0430\\u0440\\u0442\\u043d\\u0435\\u0440\"}}, {\"added\": {\"object\": \"http://kmpro.donland.ru/\", \"name\": \"\\u041f\\u0430\\u0440\\u0442\\u043d\\u0435\\u0440\"}}, {\"added\": {\"object\": \"https://www.donland.ru/\", \"name\": \"\\u041f\\u0430\\u0440\\u0442\\u043d\\u0435\\u0440\"}}, {\"added\": {\"object\": \"\\u0412\\u044b\\u0431\\u0440\\u0430\\u043d\\u043d\\u044b\\u0435\", \"name\": \"\\u041d\\u0430\\u0441\\u0442\\u0440\\u043e\\u0439\\u043a\\u0438 \\u043f\\u043e\\u0438\\u0441\\u043a\\u0430\"}}]"}}, {"model": "admin.logentry", "pk": 2, "fields": {"action_time": "2020-06-14T14:00:12.778Z", "user": 1, "content_type": 14, "object_id": "1", "object_repr": "https://fadm.gov.ru/", "action_flag": 2, "change_message": "[{\"changed\": {\"fields\": [\"imageOld\"]}}]"}}, {"model": "admin.logentry", "pk": 3, "fields": {"action_time": "2020-06-14T14:00:20.088Z", "user": 1, "content_type": 14, "object_id": "2", "object_repr": "http://kmpro.donland.ru/", "action_flag": 2, "change_message": "[{\"changed\": {\"fields\": [\"imageOld\"]}}]"}}, {"model": "admin.logentry", "pk": 4, "fields": {"action_time": "2020-06-14T14:00:24.941Z", "user": 1, "content_type": 14, "object_id": "3", "object_repr": "https://www.donland.ru/", "action_flag": 2, "change_message": "[{\"changed\": {\"fields\": [\"imageOld\"]}}]"}}, {"model": "admin.logentry", "pk": 5, "fields": {"action_time": "2020-06-14T14:01:53.580Z", "user": 1, "content_type": 27, "object_id": "1", "object_repr": "\u041c\u0435\u0434\u0438\u0430", "action_flag": 1, "change_message": "[{\"added\": {}}, {\"added\": {\"object\": \"1\", \"name\": \"\\u0424\\u043e\\u0442\\u043e\\u0430\\u043b\\u044c\\u0431\\u043e\\u043c\"}}, {\"added\": {\"object\": \"1\", \"name\": \"\\u0412\\u0438\\u0434\\u0435\\u043e\"}}]"}}, {"model": "admin.logentry", "pk": 6, "fields": {"action_time": "2020-06-14T14:02:07.136Z", "user": 1, "content_type": 26, "object_id": "1", "object_repr": "1", "action_flag": 2, "change_message": "[{\"changed\": {\"fields\": [\"url\", \"imageOld\"]}}]"}}, {"model": "admin.logentry", "pk": 7, "fields": {"action_time": "2020-06-14T14:03:54.738Z", "user": 1, "content_type": 19, "object_id": "1", "object_repr": "\u041d\u0430\u043f\u0440\u0430\u0432\u043b\u0435\u043d\u0438\u0435\u21161", "action_flag": 1, "change_message": "[{\"added\": {}}, {\"added\": {\"object\": \"\\u0442\\u044d\\u0433\\u21161\", \"name\": \"\\u0422\\u044d\\u0433\"}}]"}}, {"model": "admin.logentry", "pk": 8, "fields": {"action_time": "2020-06-14T14:05:11.431Z", "user": 1, "content_type": 17, "object_id": "1", "object_repr": "\u041d\u043e\u0432\u043e\u0441\u0442\u044c\u21161", "action_flag": 1, "change_message": "[{\"added\": {}}]"}}, {"model": "admin.logentry", "pk": 9, "fields": {"action_time": "2020-06-14T14:05:30.593Z", "user": 1, "content_type": 17, "object_id": "2", "object_repr": "\u041d\u043e\u0432\u043e\u0441\u0442\u044c\u21162", "action_flag": 1, "change_message": "[{\"added\": {}}]"}}, {"model": "admin.logentry", "pk": 10, "fields": {"action_time": "2020-06-14T14:05:44.447Z", "user": 1, "content_type": 17, "object_id": "3", "object_repr": "\u041d\u043e\u0432\u043e\u0441\u0442\u044c\u21163", "action_flag": 1, "change_message": "[{\"added\": {}}]"}}, {"model": "admin.logentry", "pk": 11, "fields": {"action_time": "2020-06-14T14:10:00.325Z", "user": 1, "content_type": 21, "object_id": "1", "object_repr": "\u0418\u0417\u041c\u0415\u041d\u0418\u0422\u042c \u0421\u0422\u0420\u0410\u041d\u0418\u0426\u0423 \u0424\u0415\u0414\u0415\u0420\u0410\u0426\u0418\u0418", "action_flag": 1, "change_message": "[{\"added\": {}}, {\"added\": {\"object\": \"\\u0414\\u043e\\u043a\\u21161\", \"name\": \"\\u0414\\u043e\\u043a\\u0443\\u043c\\u0435\\u043d\\u0442\"}}, {\"added\": {\"object\": \"\\u041e\\u0442\\u0434\\u0435\\u043b\\u21161\", \"name\": \"\\u0421\\u0442\\u0440\\u0443\\u043a\\u0442\\u0443\\u0440\\u0443 \\u0424\\u0435\\u0434\\u0435\\u0440\\u0430\\u0446\\u0438\\u044f\"}}]"}}, {"model": "admin.logentry", "pk": 12, "fields": {"action_time": "2020-06-14T14:10:34.191Z", "user": 1, "content_type": 23, "object_id": "1", "object_repr": "\u041e\u0442\u0434\u0435\u043b\u21161", "action_flag": 2, "change_message": "[{\"added\": {\"object\": \"\\u0418\\u0432\\u0430\\u043d\\u043e\\u0432 \\u0418\\u0432\\u0430\\u043d \\u0418\\u0432\\u0430\\u043d\\u043e\\u0432\\u0438\\u0447\", \"name\": \"\\u0421\\u043e\\u0442\\u0440\\u0443\\u0434\\u043d\\u0438\\u043a\"}}]"}}, {"model": "admin.logentry", "pk": 13, "fields": {"action_time": "2020-06-14T14:11:19.236Z", "user": 1, "content_type": 23, "object_id": "1", "object_repr": "\u041e\u0442\u0434\u0435\u043b\u21161", "action_flag": 2, "change_message": "[{\"added\": {\"object\": \"\\u0418\\u0432\\u0430\\u043d\\u043e\\u0432\\u0430 \\u0410\\u043d\\u0430\\u0441\\u0442\\u0430\\u0441\\u0438\\u044f \\u0418\\u0432\\u0430\\u043d\\u043e\\u0432\\u043d\\u0430\", \"name\": \"\\u0421\\u043e\\u0442\\u0440\\u0443\\u0434\\u043d\\u0438\\u043a\"}}]"}}, {"model": "admin.logentry", "pk": 14, "fields": {"action_time": "2020-06-14T15:10:46.372Z", "user": 1, "content_type": 27, "object_id": "1", "object_repr": "\u041c\u0435\u0434\u0438\u0430", "action_flag": 2, "change_message": "[{\"added\": {\"object\": \"2\", \"name\": \"\\u0424\\u043e\\u0442\\u043e\\u0430\\u043b\\u044c\\u0431\\u043e\\u043c\"}}]"}}, {"model": "admin.logentry", "pk": 15, "fields": {"action_time": "2020-06-14T15:10:53.788Z", "user": 1, "content_type": 27, "object_id": "1", "object_repr": "\u041c\u0435\u0434\u0438\u0430", "action_flag": 2, "change_message": "[{\"added\": {\"object\": \"3\", \"name\": \"\\u0424\\u043e\\u0442\\u043e\\u0430\\u043b\\u044c\\u0431\\u043e\\u043c\"}}]"}}, {"model": "admin.logentry", "pk": 16, "fields": {"action_time": "2020-06-14T15:10:58.652Z", "user": 1, "content_type": 27, "object_id": "1", "object_repr": "\u041c\u0435\u0434\u0438\u0430", "action_flag": 2, "change_message": "[{\"added\": {\"object\": \"4\", \"name\": \"\\u0424\\u043e\\u0442\\u043e\\u0430\\u043b\\u044c\\u0431\\u043e\\u043c\"}}]"}}, {"model": "admin.logentry", "pk": 17, "fields": {"action_time": "2020-06-14T15:11:36.375Z", "user": 1, "content_type": 26, "object_id": "2", "object_repr": "2", "action_flag": 2, "change_message": "[{\"changed\": {\"fields\": [\"url\", \"imageOld\"]}}]"}}, {"model": "admin.logentry", "pk": 18, "fields": {"action_time": "2020-06-14T15:11:44.265Z", "user": 1, "content_type": 26, "object_id": "3", "object_repr": "3", "action_flag": 2, "change_message": "[{\"changed\": {\"fields\": [\"url\", \"imageOld\"]}}]"}}, {"model": "admin.logentry", "pk": 19, "fields": {"action_time": "2020-06-14T15:11:51.697Z", "user": 1, "content_type": 26, "object_id": "4", "object_repr": "4", "action_flag": 2, "change_message": "[{\"changed\": {\"fields\": [\"url\", \"imageOld\"]}}]"}}, {"model": "admin.logentry", "pk": 20, "fields": {"action_time": "2020-06-14T15:12:54.249Z", "user": 1, "content_type": 27, "object_id": "1", "object_repr": "\u041c\u0435\u0434\u0438\u0430", "action_flag": 2, "change_message": "[{\"changed\": {\"object\": \"1\", \"fields\": [\"url\"], \"name\": \"\\u0412\\u0438\\u0434\\u0435\\u043e\"}}]"}}, {"model": "admin.logentry", "pk": 21, "fields": {"action_time": "2020-06-14T15:13:39.723Z", "user": 1, "content_type": 15, "object_id": "1", "object_repr": "\u0418\u0417\u041c\u0415\u041d\u0418\u0422\u042c \u0413\u041b\u0410\u0412\u041d\u0423\u042e \u0421\u0422\u0420\u0410\u041d\u0418\u0426\u0423", "action_flag": 2, "change_message": "[{\"changed\": {\"fields\": [\"banner\"]}}]"}}, {"model": "admin.logentry", "pk": 22, "fields": {"action_time": "2020-06-14T15:14:59.505Z", "user": 1, "content_type": 17, "object_id": "4", "object_repr": "\u041d\u043e\u0432\u043e\u0441\u0442\u044c\u21164", "action_flag": 1, "change_message": "[{\"added\": {}}]"}}, {"model": "admin.logentry", "pk": 23, "fields": {"action_time": "2020-06-14T15:15:51.060Z", "user": 1, "content_type": 17, "object_id": "5", "object_repr": "\u041d\u043e\u0432\u043e\u0441\u0442\u044c\u21165", "action_flag": 1, "change_message": "[{\"added\": {}}]"}}, {"model": "admin.logentry", "pk": 24, "fields": {"action_time": "2020-06-14T15:16:22.147Z", "user": 1, "content_type": 19, "object_id": "2", "object_repr": "\u041d\u0430\u043f\u0440\u0430\u0432\u043b\u0435\u043d\u0438\u0435\u21162", "action_flag": 1, "change_message": "[{\"added\": {}}, {\"added\": {\"object\": \"\\u0444\\u0443\\u0442\\u0431\\u043e\\u043b\", \"name\": \"\\u0422\\u044d\\u0433\"}}]"}}, {"model": "admin.logentry", "pk": 25, "fields": {"action_time": "2020-06-14T15:16:30.088Z", "user": 1, "content_type": 19, "object_id": "2", "object_repr": "\u041d\u0430\u043f\u0440\u0430\u0432\u043b\u0435\u043d\u0438\u0435\u21162", "action_flag": 2, "change_message": "[{\"added\": {\"object\": \"\\u043d\\u0435 \\u0444\\u0443\\u0442\\u0431\\u043e\\u043b\", \"name\": \"\\u0422\\u044d\\u0433\"}}]"}}, {"model": "admin.logentry", "pk": 26, "fields": {"action_time": "2020-06-14T15:16:46.646Z", "user": 1, "content_type": 19, "object_id": "2", "object_repr": "\u041d\u0430\u043f\u0440\u0430\u0432\u043b\u0435\u043d\u0438\u0435\u21162", "action_flag": 2, "change_message": "[{\"added\": {\"object\": \"1\", \"name\": \"\\u0414\\u043e\\u043a\\u0443\\u043c\\u0435\\u043d\\u0442\"}}]"}}, {"model": "admin.logentry", "pk": 27, "fields": {"action_time": "2020-06-14T15:17:10.640Z", "user": 1, "content_type": 17, "object_id": "1", "object_repr": "\u041d\u043e\u0432\u043e\u0441\u0442\u044c\u21161", "action_flag": 2, "change_message": "[{\"changed\": {\"fields\": [\"image\", \"imageBig\", \"directions\"]}}]"}}, {"model": "admin.logentry", "pk": 28, "fields": {"action_time": "2020-06-14T15:17:13.005Z", "user": 1, "content_type": 17, "object_id": "3", "object_repr": "\u041d\u043e\u0432\u043e\u0441\u0442\u044c\u21163", "action_flag": 2, "change_message": "[{\"changed\": {\"fields\": [\"image\", \"imageBig\", \"directions\"]}}]"}}, {"model": "admin.logentry", "pk": 29, "fields": {"action_time": "2020-06-14T15:17:15.734Z", "user": 1, "content_type": 17, "object_id": "4", "object_repr": "\u041d\u043e\u0432\u043e\u0441\u0442\u044c\u21164", "action_flag": 2, "change_message": "[{\"changed\": {\"fields\": [\"image\", \"imageBig\", \"directions\"]}}]"}}, {"model": "admin.logentry", "pk": 30, "fields": {"action_time": "2020-06-14T15:20:30.810Z", "user": 1, "content_type": 28, "object_id": "1", "object_repr": "\u0421\u043e\u0431\u044b\u0442\u0438\u0435\u21161", "action_flag": 1, "change_message": "[{\"added\": {}}]"}}, {"model": "admin.logentry", "pk": 31, "fields": {"action_time": "2020-06-14T15:21:24.444Z", "user": 1, "content_type": 28, "object_id": "2", "object_repr": "\u0421\u043e\u0431\u044b\u0442\u0438\u0435\u21162", "action_flag": 1, "change_message": "[{\"added\": {}}]"}}, {"model": "admin.logentry", "pk": 32, "fields": {"action_time": "2020-06-14T15:21:53.262Z", "user": 1, "content_type": 28, "object_id": "3", "object_repr": "\u0421\u043e\u0431\u044b\u0442\u0438\u0435\u21163", "action_flag": 1, "change_message": "[{\"added\": {}}]"}}, {"model": "admin.logentry", "pk": 33, "fields": {"action_time": "2020-06-14T16:54:51.129Z", "user": 1, "content_type": 17, "object_id": "6", "object_repr": "\u00ab\u0414\u0438\u043d\u0430\u043c\u043e\u00bb \u0440\u0430\u0437\u0433\u0440\u043e\u043c\u0438\u043b\u043e \u00ab\u0421\u043f\u0430\u0440\u0442\u0430\u043a\u00bb \u0432 \u0442\u043e\u0432\u0430\u0440\u0438\u0449\u0435\u0441\u043a\u043e\u043c \u043c\u0430\u0442\u0447\u0435, \u041d'\u0416\u044c\u0435 \u043e\u0444\u043e\u0440\u043c\u0438\u043b \u0434\u0443\u0431\u043b\u044c", "action_flag": 1, "change_message": "[{\"added\": {}}]"}}, {"model": "admin.logentry", "pk": 34, "fields": {"action_time": "2020-06-14T16:56:23.234Z", "user": 1, "content_type": 17, "object_id": "4", "object_repr": "\u00ab\u041b\u043e\u043a\u043e\u043c\u043e\u0442\u0438\u0432\u00bb \u043e\u0431\u044b\u0433\u0440\u0430\u043b \u00ab\u0422\u0430\u043c\u0431\u043e\u0432\u00bb \u0432 \u043f\u0435\u0440\u0432\u043e\u043c \u043c\u0430\u0442\u0447\u0435 \u043f\u043e\u0434 \u0440\u0443\u043a\u043e\u0432\u043e\u0434\u0441\u0442\u0432\u043e\u043c \u041c\u0430\u0440\u043a\u043e \u041d\u0438\u043a\u043e\u043b\u0438\u0447\u0430", "action_flag": 2, "change_message": "[{\"changed\": {\"fields\": [\"title\", \"text\"]}}]"}}, {"model": "admin.logentry", "pk": 35, "fields": {"action_time": "2020-06-14T16:57:06.145Z", "user": 1, "content_type": 17, "object_id": "3", "object_repr": "\u042d\u043a\u0441-\u0438\u0433\u0440\u043e\u043a \u0441\u0431\u043e\u0440\u043d\u043e\u0439 \u0410\u043d\u0433\u043b\u0438\u0438: \u00ab\u041b\u0438\u0432\u0435\u0440\u043f\u0443\u043b\u044c\u00bb \u041a\u043b\u043e\u043f\u043f\u0430 \u043d\u0435 \u0431\u0443\u0434\u0435\u0442 \u043e\u0434\u043d\u0438\u043c \u0438\u0437 \u043b\u0443\u0447\u0448\u0438\u0445 \u043a\u043b\u0443\u0431\u043e\u0432 \u0432 \u0438\u0441\u0442\u043e\u0440\u0438\u0438 \u0410\u041f\u041b", "action_flag": 2, "change_message": "[{\"changed\": {\"fields\": [\"title\", \"text\"]}}]"}}, {"model": "admin.logentry", "pk": 36, "fields": {"action_time": "2020-06-14T16:58:28.025Z", "user": 1, "content_type": 17, "object_id": "2", "object_repr": "\u0412\u0430\u0434\u0438\u043c \u0415\u0432\u0441\u0435\u0435\u0432 \u0440\u0430\u0441\u0441\u043a\u0430\u0437\u0430\u043b \u043e \u043f\u043e\u0434\u0433\u043e\u0442\u043e\u0432\u043a\u0435 \u00ab\u0423\u0444\u044b\u00bb \u043a \u043f\u0435\u0440\u0432\u043e\u043c\u0443 \u043c\u0430\u0442\u0447\u0443 \u043f\u043e\u0441\u043b\u0435 \u043f\u0430\u0443\u0437\u044b", "action_flag": 2, "change_message": "[{\"changed\": {\"fields\": [\"title\", \"image\", \"imageBig\", \"text\"]}}]"}}, {"model": "admin.logentry", "pk": 37, "fields": {"action_time": "2020-06-14T16:58:58.755Z", "user": 1, "content_type": 17, "object_id": "5", "object_repr": "\u041b\u043e\u043a\u043e\u043c\u043e\u0442\u0438\u0432", "action_flag": 2, "change_message": "[{\"changed\": {\"fields\": [\"title\", \"image\", \"imageBig\"]}}]"}}, {"model": "admin.logentry", "pk": 38, "fields": {"action_time": "2020-06-14T18:58:02.859Z", "user": 1, "content_type": 17, "object_id": "2", "object_repr": "\u0412\u0430\u0434\u0438\u043c \u0415\u0432\u0441\u0435\u0435\u0432 \u0440\u0430\u0441\u0441\u043a\u0430\u0437\u0430\u043b \u043e \u043f\u043e\u0434\u0433\u043e\u0442\u043e\u0432\u043a\u0435 \u00ab\u0423\u0444\u044b\u00bb \u043a \u043f\u0435\u0440\u0432\u043e\u043c\u0443 \u043c\u0430\u0442\u0447\u0443 \u043f\u043e\u0441\u043b\u0435 \u043f\u0430\u0443\u0437\u044b", "action_flag": 2, "change_message": "[{\"changed\": {\"fields\": [\"text\"]}}]"}}, {"model": "admin.logentry", "pk": 39, "fields": {"action_time": "2020-06-14T19:30:58.187Z", "user": 1, "content_type": 19, "object_id": "1", "object_repr": "\u041d\u0430\u043f\u0440\u0430\u0432\u043b\u0435\u043d\u0438\u0435\u21161", "action_flag": 2, "change_message": "[{\"changed\": {\"fields\": [\"text\"]}}, {\"added\": {\"object\": \"2\", \"name\": \"\\u0414\\u043e\\u043a\\u0443\\u043c\\u0435\\u043d\\u0442\"}}]"}}, {"model": "admin.logentry", "pk": 40, "fields": {"action_time": "2020-06-14T19:31:23.788Z", "user": 1, "content_type": 19, "object_id": "1", "object_repr": "\u041d\u0430\u043f\u0440\u0430\u0432\u043b\u0435\u043d\u0438\u0435\u21161", "action_flag": 2, "change_message": "[{\"added\": {\"object\": \"\\u0442\\u044d\\u0433\\u21162\", \"name\": \"\\u0422\\u044d\\u0433\"}}]"}}, {"model": "admin.logentry", "pk": 41, "fields": {"action_time": "2020-06-14T19:31:32.172Z", "user": 1, "content_type": 19, "object_id": "1", "object_repr": "\u041d\u0430\u043f\u0440\u0430\u0432\u043b\u0435\u043d\u0438\u0435\u21161", "action_flag": 2, "change_message": "[{\"added\": {\"object\": \"\\u0442\\u044d\\u0433\\u21163\", \"name\": \"\\u0422\\u044d\\u0433\"}}]"}}, {"model": "admin.logentry", "pk": 42, "fields": {"action_time": "2020-06-14T23:12:28.167Z", "user": 1, "content_type": 15, "object_id": "1", "object_repr": "\u0418\u0417\u041c\u0415\u041d\u0418\u0422\u042c \u0413\u041b\u0410\u0412\u041d\u0423\u042e \u0421\u0422\u0420\u0410\u041d\u0418\u0426\u0423", "action_flag": 2, "change_message": "[{\"changed\": {\"object\": \"\\u0424\\u0435\\u0434\\u0435\\u0440\\u0430\\u0446\\u0438\\u044f\", \"name\": \"\\u041c\\u0435\\u043d\\u044e\", \"fields\": [\"path\"]}}, {\"changed\": {\"object\": \"\\u041d\\u043e\\u0432\\u043e\\u0441\\u0442\\u0438\", \"name\": \"\\u041c\\u0435\\u043d\\u044e\", \"fields\": [\"path\"]}}, {\"changed\": {\"object\": \"\\u0421\\u043e\\u0431\\u044b\\u0442\\u0438\\u044f\", \"name\": \"\\u041c\\u0435\\u043d\\u044e\", \"fields\": [\"path\"]}}, {\"changed\": {\"object\": \"\\u041d\\u0430\\u043f\\u0440\\u0430\\u0432\\u043b\\u0435\\u043d\\u0438\\u044f\", \"name\": \"\\u041c\\u0435\\u043d\\u044e\", \"fields\": [\"path\"]}}]"}}, {"model": "admin.logentry", "pk": 43, "fields": {"action_time": "2020-06-14T23:26:10.064Z", "user": 1, "content_type": 15, "object_id": "1", "object_repr": "\u0418\u0417\u041c\u0415\u041d\u0418\u0422\u042c \u0413\u041b\u0410\u0412\u041d\u0423\u042e \u0421\u0422\u0420\u0410\u041d\u0418\u0426\u0423", "action_flag": 2, "change_message": "[{\"changed\": {\"fields\": [\"vk\", \"youtube\", \"facebook\", \"instagram\"], \"object\": \"\\u0412\\u041a\\u043e\\u043d\\u0442\\u0430\\u043a\\u0442\\u0435, YouTube, Facebook, Instagram\", \"name\": \"\\u0421\\u043e\\u0446\\u0438\\u0430\\u043b\\u044c\\u043d\\u044b\\u0435 \\u0441\\u0435\\u0442\\u0438\"}}]"}}, {"model": "admin.logentry", "pk": 44, "fields": {"action_time": "2020-06-14T23:39:14.763Z", "user": 1, "content_type": 15, "object_id": "1", "object_repr": "\u0418\u0417\u041c\u0415\u041d\u0418\u0422\u042c \u0413\u041b\u0410\u0412\u041d\u0423\u042e \u0421\u0422\u0420\u0410\u041d\u0418\u0426\u0423", "action_flag": 2, "change_message": "[{\"changed\": {\"fields\": [\"phone\", \"email\", \"address\", \"map\"], \"object\": \"\\u041a\\u043e\\u043d\\u0442\\u0430\\u043a\\u0442\\u044b\", \"name\": \"\\u041a\\u043e\\u043d\\u0442\\u0430\\u043a\\u0442\"}}, {\"changed\": {\"fields\": [\"title\", \"phone\", \"email\", \"address\", \"map\"], \"object\": \"\\u0414\\u043b\\u044f \\u041f\\u0430\\u0440\\u0442\\u043d\\u0435\\u0440\\u043e\\u0432\", \"name\": \"\\u041a\\u043e\\u043d\\u0442\\u0430\\u043a\\u0442\"}}]"}}, {"model": "admin.logentry", "pk": 45, "fields": {"action_time": "2020-06-14T23:41:51.201Z", "user": 1, "content_type": 21, "object_id": "1", "object_repr": "\u0418\u0417\u041c\u0415\u041d\u0418\u0422\u042c \u0421\u0422\u0420\u0410\u041d\u0418\u0426\u0423 \u0424\u0415\u0414\u0415\u0420\u0410\u0426\u0418\u0418", "action_flag": 2, "change_message": "[{\"changed\": {\"fields\": [\"text\", \"email\", \"phone\", \"map\", \"address\"]}}]"}}, {"model": "admin.logentry", "pk": 46, "fields": {"action_time": "2020-06-14T23:42:31.692Z", "user": 1, "content_type": 21, "object_id": "1", "object_repr": "\u0418\u0417\u041c\u0415\u041d\u0418\u0422\u042c \u0421\u0422\u0420\u0410\u041d\u0418\u0426\u0423 \u0424\u0415\u0414\u0415\u0420\u0410\u0426\u0418\u0418", "action_flag": 2, "change_message": "[{\"added\": {\"object\": \"\\u0421\\u0443\\u0434\\u044c\\u0438\", \"name\": \"\\u0421\\u0442\\u0440\\u0443\\u043a\\u0442\\u0443\\u0440\\u0443 \\u0424\\u0435\\u0434\\u0435\\u0440\\u0430\\u0446\\u0438\\u044f\"}}, {\"changed\": {\"fields\": [\"title\"], \"object\": \"\\u0418\\u0441\\u043f\\u043e\\u043b\\u043a\\u043e\\u043c\", \"name\": \"\\u0421\\u0442\\u0440\\u0443\\u043a\\u0442\\u0443\\u0440\\u0443 \\u0424\\u0435\\u0434\\u0435\\u0440\\u0430\\u0446\\u0438\\u044f\"}}]"}}, {"model": "admin.logentry", "pk": 47, "fields": {"action_time": "2020-06-14T23:45:32.149Z", "user": 1, "content_type": 23, "object_id": "1", "object_repr": "\u0418\u0441\u043f\u043e\u043b\u043a\u043e\u043c", "action_flag": 2, "change_message": "[{\"changed\": {\"fields\": [\"name\", \"position\", \"image\", \"text\"], \"object\": \"\\u0422\\u043e\\u043f\\u0447\\u0438\\u0435\\u0432 \\u0410\\u043b\\u0435\\u043a\\u0441\\u0435\\u0439 \\u041d\\u0438\\u043a\\u043e\\u043b\\u0430\\u0435\\u0432\\u0438\\u0447\", \"name\": \"\\u0421\\u043e\\u0442\\u0440\\u0443\\u0434\\u043d\\u0438\\u043a\"}}, {\"changed\": {\"fields\": [\"name\", \"position\", \"image\"], \"object\": \"\\u0428\\u0435\\u0432\\u0447\\u0435\\u043d\\u043a\\u043e \\u0410\\u043b\\u043b\\u0430 \\u041f\\u0435\\u0442\\u0440\\u043e\\u0432\\u043d\\u0430\", \"name\": \"\\u0421\\u043e\\u0442\\u0440\\u0443\\u0434\\u043d\\u0438\\u043a\"}}]"}}, {"model": "admin.logentry", "pk": 48, "fields": {"action_time": "2020-06-14T23:53:12.489Z", "user": 1, "content_type": 15, "object_id": "1", "object_repr": "\u0418\u0417\u041c\u0415\u041d\u0418\u0422\u042c \u0413\u041b\u0410\u0412\u041d\u0423\u042e \u0421\u0422\u0420\u0410\u041d\u0418\u0426\u0423", "action_flag": 2, "change_message": "[{\"changed\": {\"fields\": [\"banner\"]}}]"}}, {"model": "admin.logentry", "pk": 49, "fields": {"action_time": "2020-06-14T23:54:58.989Z", "user": 1, "content_type": 17, "object_id": "6", "object_repr": "\u00ab\u0414\u0438\u043d\u0430\u043c\u043e\u00bb \u0440\u0430\u0437\u0433\u0440\u043e\u043c\u0438\u043b\u043e \u00ab\u0421\u043f\u0430\u0440\u0442\u0430\u043a\u00bb \u0432 \u0442\u043e\u0432\u0430\u0440\u0438\u0449\u0435\u0441\u043a\u043e\u043c \u043c\u0430\u0442\u0447\u0435, \u041d'\u0416\u044c\u0435 \u043e\u0444\u043e\u0440\u043c\u0438\u043b \u0434\u0443\u0431\u043b\u044c", "action_flag": 3, "change_message": ""}}, {"model": "admin.logentry", "pk": 50, "fields": {"action_time": "2020-06-14T23:54:59.005Z", "user": 1, "content_type": 17, "object_id": "4", "object_repr": "\u00ab\u041b\u043e\u043a\u043e\u043c\u043e\u0442\u0438\u0432\u00bb \u043e\u0431\u044b\u0433\u0440\u0430\u043b \u00ab\u0422\u0430\u043c\u0431\u043e\u0432\u00bb \u0432 \u043f\u0435\u0440\u0432\u043e\u043c \u043c\u0430\u0442\u0447\u0435 \u043f\u043e\u0434 \u0440\u0443\u043a\u043e\u0432\u043e\u0434\u0441\u0442\u0432\u043e\u043c \u041c\u0430\u0440\u043a\u043e \u041d\u0438\u043a\u043e\u043b\u0438\u0447\u0430", "action_flag": 3, "change_message": ""}}, {"model": "admin.logentry", "pk": 51, "fields": {"action_time": "2020-06-14T23:54:59.020Z", "user": 1, "content_type": 17, "object_id": "3", "object_repr": "\u042d\u043a\u0441-\u0438\u0433\u0440\u043e\u043a \u0441\u0431\u043e\u0440\u043d\u043e\u0439 \u0410\u043d\u0433\u043b\u0438\u0438: \u00ab\u041b\u0438\u0432\u0435\u0440\u043f\u0443\u043b\u044c\u00bb \u041a\u043b\u043e\u043f\u043f\u0430 \u043d\u0435 \u0431\u0443\u0434\u0435\u0442 \u043e\u0434\u043d\u0438\u043c \u0438\u0437 \u043b\u0443\u0447\u0448\u0438\u0445 \u043a\u043b\u0443\u0431\u043e\u0432 \u0432 \u0438\u0441\u0442\u043e\u0440\u0438\u0438 \u0410\u041f\u041b", "action_flag": 3, "change_message": ""}}, {"model": "admin.logentry", "pk": 52, "fields": {"action_time": "2020-06-14T23:54:59.039Z", "user": 1, "content_type": 17, "object_id": "2", "object_repr": "\u0412\u0430\u0434\u0438\u043c \u0415\u0432\u0441\u0435\u0435\u0432 \u0440\u0430\u0441\u0441\u043a\u0430\u0437\u0430\u043b \u043e \u043f\u043e\u0434\u0433\u043e\u0442\u043e\u0432\u043a\u0435 \u00ab\u0423\u0444\u044b\u00bb \u043a \u043f\u0435\u0440\u0432\u043e\u043c\u0443 \u043c\u0430\u0442\u0447\u0443 \u043f\u043e\u0441\u043b\u0435 \u043f\u0430\u0443\u0437\u044b", "action_flag": 3, "change_message": ""}}, {"model": "admin.logentry", "pk": 53, "fields": {"action_time": "2020-06-14T23:54:59.051Z", "user": 1, "content_type": 17, "object_id": "1", "object_repr": "\u041d\u043e\u0432\u043e\u0441\u0442\u044c\u21161", "action_flag": 3, "change_message": ""}}, {"model": "admin.logentry", "pk": 54, "fields": {"action_time": "2020-06-14T23:54:59.070Z", "user": 1, "content_type": 17, "object_id": "5", "object_repr": "\u041b\u043e\u043a\u043e\u043c\u043e\u0442\u0438\u0432", "action_flag": 3, "change_message": ""}}, {"model": "admin.logentry", "pk": 55, "fields": {"action_time": "2020-06-14T23:55:16.905Z", "user": 1, "content_type": 17, "object_id": "7", "object_repr": "\u0444\u044b\u0432", "action_flag": 1, "change_message": "[{\"added\": {}}]"}}, {"model": "admin.logentry", "pk": 56, "fields": {"action_time": "2020-06-15T00:08:04.616Z", "user": 1, "content_type": 15, "object_id": "1", "object_repr": "\u0418\u0417\u041c\u0415\u041d\u0418\u0422\u042c \u0413\u041b\u0410\u0412\u041d\u0423\u042e \u0421\u0422\u0420\u0410\u041d\u0418\u0426\u0423", "action_flag": 2, "change_message": "[{\"changed\": {\"fields\": [\"banner\"]}}]"}}, {"model": "admin.logentry", "pk": 57, "fields": {"action_time": "2020-06-15T00:56:11.896Z", "user": 1, "content_type": 15, "object_id": "1", "object_repr": "\u0418\u0417\u041c\u0415\u041d\u0418\u0422\u042c \u0413\u041b\u0410\u0412\u041d\u0423\u042e \u0421\u0422\u0420\u0410\u041d\u0418\u0426\u0423", "action_flag": 2, "change_message": "[{\"changed\": {\"fields\": [\"banner\"]}}]"}}, {"model": "admin.logentry", "pk": 58, "fields": {"action_time": "2020-06-15T01:16:09.979Z", "user": 1, "content_type": 15, "object_id": "1", "object_repr": "\u0418\u0417\u041c\u0415\u041d\u0418\u0422\u042c \u0413\u041b\u0410\u0412\u041d\u0423\u042e \u0421\u0422\u0420\u0410\u041d\u0418\u0426\u0423", "action_flag": 2, "change_message": "[{\"changed\": {\"fields\": [\"banner\"]}}]"}}, {"model": "admin.logentry", "pk": 59, "fields": {"action_time": "2020-06-15T01:26:05.247Z", "user": 1, "content_type": 23, "object_id": "2", "object_repr": "\u0421\u0443\u0434\u044c\u0438", "action_flag": 2, "change_message": "[{\"added\": {\"name\": \"\\u0421\\u043e\\u0442\\u0440\\u0443\\u0434\\u043d\\u0438\\u043a\", \"object\": \"\\u0428\\u0430\\u0431\\u044d\\u043d\\u043e\\u0432 \\u0428\\u0430\\u0431\\u0435\\u043d \\u0413\\u0435\\u043d\\u043d\\u0430\\u0434\\u044c\\u0435\\u0432\\u0438\\u0447\"}}]"}}, {"model": "admin.logentry", "pk": 60, "fields": {"action_time": "2020-06-15T01:26:48.501Z", "user": 1, "content_type": 23, "object_id": "2", "object_repr": "\u0421\u0443\u0434\u044c\u0438", "action_flag": 2, "change_message": "[{\"added\": {\"name\": \"\\u0421\\u043e\\u0442\\u0440\\u0443\\u0434\\u043d\\u0438\\u043a\", \"object\": \"\\u0421\\u0430\\u043c\\u043e\\u0435\\u0434\\u043e\\u0432 \\u0410\\u0440\\u0442\\u0435\\u043c \\u0412\\u0438\\u043a\\u0442\\u043e\\u0440\\u043e\\u0432\\u0438\\u0447\"}}]"}}, {"model": "admin.logentry", "pk": 61, "fields": {"action_time": "2020-06-15T11:10:41.635Z", "user": 1, "content_type": 19, "object_id": "3", "object_repr": "\u0427\u0435\u043c\u043f\u0438\u043e\u043d\u0430\u0442 \u0433\u043e\u0440\u043e\u0434\u0430 \u043f\u043e \u043c\u0438\u043d\u0438-\u0444\u0443\u0442\u0431\u043e\u043b\u0443", "action_flag": 1, "change_message": "[{\"added\": {}}, {\"added\": {\"name\": \"\\u0422\\u044d\\u0433\", \"object\": \"\\u0438\\u0433\\u0440\\u044b\"}}]"}}, {"model": "admin.logentry", "pk": 62, "fields": {"action_time": "2020-06-15T11:11:33.228Z", "user": 1, "content_type": 19, "object_id": "3", "object_repr": "\u0427\u0435\u043c\u043f\u0438\u043e\u043d\u0430\u0442 \u0433\u043e\u0440\u043e\u0434\u0430 \u043f\u043e \u043c\u0438\u043d\u0438-\u0444\u0443\u0442\u0431\u043e\u043b\u0443", "action_flag": 2, "change_message": "[{\"added\": {\"name\": \"\\u0422\\u044d\\u0433\", \"object\": \"\\u0440\\u0435\\u0437\\u0443\\u043b\\u044c\\u0442\\u0430\\u0442\\u044b_\\u0442\\u0443\\u0440\\u0430\"}}]"}}, {"model": "admin.logentry", "pk": 63, "fields": {"action_time": "2020-06-15T11:12:34.272Z", "user": 1, "content_type": 19, "object_id": "3", "object_repr": "\u0427\u0435\u043c\u043f\u0438\u043e\u043d\u0430\u0442 \u0433\u043e\u0440\u043e\u0434\u0430 \u043f\u043e \u043c\u0438\u043d\u0438-\u0444\u0443\u0442\u0431\u043e\u043b\u0443", "action_flag": 2, "change_message": "[{\"added\": {\"name\": \"\\u0422\\u044d\\u0433\", \"object\": \"\\u043d\\u0430\\u0433\\u0440\\u0430\\u0434\\u044b\"}}, {\"changed\": {\"fields\": [\"title\"], \"name\": \"\\u0422\\u044d\\u0433\", \"object\": \"\\u0440\\u0435\\u0437\\u0443\\u043b\\u044c\\u0442\\u0430\\u0442\\u044b\"}}]"}}, {"model": "admin.logentry", "pk": 64, "fields": {"action_time": "2020-06-15T11:12:42.608Z", "user": 1, "content_type": 19, "object_id": "3", "object_repr": "\u0427\u0435\u043c\u043f\u0438\u043e\u043d\u0430\u0442 \u0433\u043e\u0440\u043e\u0434\u0430 \u043f\u043e \u043c\u0438\u043d\u0438-\u0444\u0443\u0442\u0431\u043e\u043b\u0443", "action_flag": 2, "change_message": "[]"}}, {"model": "admin.logentry", "pk": 65, "fields": {"action_time": "2020-06-15T11:13:32.553Z", "user": 1, "content_type": 19, "object_id": "4", "object_repr": "\u0424\u0435\u0434\u0435\u0440\u0430\u0446\u0438\u044f", "action_flag": 1, "change_message": "[{\"added\": {}}, {\"added\": {\"name\": \"\\u0422\\u044d\\u0433\", \"object\": \"\\u043a\\u0444\\u043a\"}}]"}}, {"model": "admin.logentry", "pk": 66, "fields": {"action_time": "2020-06-15T11:14:42.926Z", "user": 1, "content_type": 19, "object_id": "1", "object_repr": "\u041a\u043e\u043c\u0430\u043d\u0434\u044b", "action_flag": 2, "change_message": "[{\"changed\": {\"fields\": [\"title\", \"text\"]}}, {\"added\": {\"name\": \"\\u0422\\u044d\\u0433\", \"object\": \"\\u0421\\u0442\\u0430\\u043b\\u044c-\\u0413\\u041c\\u041f\\u0420\"}}, {\"changed\": {\"fields\": [\"title\"], \"name\": \"\\u0422\\u044d\\u0433\", \"object\": \"\\u0415\\u0432\\u0440\\u043e-\\u041b\"}}, {\"changed\": {\"fields\": [\"title\"], \"name\": \"\\u0422\\u044d\\u0433\", \"object\": \"\\u042d\\u043b\\u0435\\u043a\\u0442\\u0440\\u043e\\u0442\\u0435\\u0445\\u043d\\u0438\\u043a\"}}, {\"changed\": {\"fields\": [\"title\"], \"name\": \"\\u0422\\u044d\\u0433\", \"object\": \"\\u0410\\u0434\\u0432\\u0435\\u0440\"}}]"}}, {"model": "admin.logentry", "pk": 67, "fields": {"action_time": "2020-06-15T11:15:24.849Z", "user": 1, "content_type": 19, "object_id": "1", "object_repr": "\u041a\u043e\u043c\u0430\u043d\u0434\u044b", "action_flag": 2, "change_message": "[{\"added\": {\"name\": \"\\u0422\\u044d\\u0433\", \"object\": \"\\u041f\\u043e\\u0431\\u0435\\u0434\\u0430\"}}]"}}, {"model": "admin.logentry", "pk": 68, "fields": {"action_time": "2020-06-15T11:15:40.859Z", "user": 1, "content_type": 19, "object_id": "1", "object_repr": "\u041a\u043e\u043c\u0430\u043d\u0434\u044b", "action_flag": 2, "change_message": "[{\"added\": {\"name\": \"\\u0422\\u044d\\u0433\", \"object\": \"\\u041a\\u0440\\u0435\\u0447\\u0435\\u0442\"}}]"}}, {"model": "admin.logentry", "pk": 69, "fields": {"action_time": "2020-06-15T11:15:55.715Z", "user": 1, "content_type": 19, "object_id": "1", "object_repr": "\u041a\u043e\u043c\u0430\u043d\u0434\u044b", "action_flag": 2, "change_message": "[{\"added\": {\"name\": \"\\u0422\\u044d\\u0433\", \"object\": \"\\u0422\\u043e\\u043f\\u043b\\u0438\\u043d\\u0433\"}}]"}}, {"model": "admin.logentry", "pk": 70, "fields": {"action_time": "2020-06-15T11:16:07.737Z", "user": 1, "content_type": 19, "object_id": "1", "object_repr": "\u041a\u043e\u043c\u0430\u043d\u0434\u044b", "action_flag": 2, "change_message": "[{\"added\": {\"name\": \"\\u0422\\u044d\\u0433\", \"object\": \"\\u0422\\u0440\\u0430\\u043d\\u0441\\u0430\\u0433\\u0435\\u043d\\u0442\"}}]"}}, {"model": "admin.logentry", "pk": 71, "fields": {"action_time": "2020-06-15T11:17:24.048Z", "user": 1, "content_type": 19, "object_id": "2", "object_repr": "\u0410\u0440\u0445\u0438\u0432", "action_flag": 2, "change_message": "[{\"changed\": {\"fields\": [\"title\", \"text\"]}}, {\"changed\": {\"fields\": [\"title\"], \"name\": \"\\u0422\\u044d\\u0433\", \"object\": \"2019\"}}, {\"changed\": {\"fields\": [\"title\"], \"name\": \"\\u0422\\u044d\\u0433\", \"object\": \"2020\"}}]"}}, {"model": "admin.logentry", "pk": 72, "fields": {"action_time": "2020-06-15T11:23:06.533Z", "user": 1, "content_type": 17, "object_id": "7", "object_repr": "\u0444\u044b\u0432", "action_flag": 3, "change_message": ""}}, {"model": "admin.logentry", "pk": 73, "fields": {"action_time": "2020-06-15T11:23:17.814Z", "user": 1, "content_type": 28, "object_id": "3", "object_repr": "\u0421\u043e\u0431\u044b\u0442\u0438\u0435\u21163", "action_flag": 3, "change_message": ""}}, {"model": "admin.logentry", "pk": 74, "fields": {"action_time": "2020-06-15T11:23:17.829Z", "user": 1, "content_type": 28, "object_id": "1", "object_repr": "\u0421\u043e\u0431\u044b\u0442\u0438\u0435\u21161", "action_flag": 3, "change_message": ""}}, {"model": "admin.logentry", "pk": 75, "fields": {"action_time": "2020-06-15T11:23:17.844Z", "user": 1, "content_type": 28, "object_id": "2", "object_repr": "\u0421\u043e\u0431\u044b\u0442\u0438\u0435\u21162", "action_flag": 3, "change_message": ""}}, {"model": "dashboard.dashboardpreferences", "pk": 1, "fields": {"user": 1, "data": "{\"positions\":[\"module_10\",\"module_11\",\"module_2\",\"module_5\",\"module_3\",\"module_7\",\"module_8\",\"module_9\",\"module_6\",\"module_4\"],\"columns\":[3,8],\"disabled\":{\"module_8\":true,\"module_9\":true},\"collapsed\":{}}", "dashboard_id": "dashboard"}}, {"model": "dashboard.dashboardpreferences", "pk": 2, "fields": {"user": 1, "data": "{}", "dashboard_id": "news-dashboard"}}, {"model": "dashboard.dashboardpreferences", "pk": 3, "fields": {"user": 1, "data": "{}", "dashboard_id": "federation-dashboard"}}, {"model": "dashboard.dashboardpreferences", "pk": 4, "fields": {"user": 1, "data": "{}", "dashboard_id": "events-dashboard"}}, {"model": "dashboard.dashboardpreferences", "pk": 5, "fields": {"user": 1, "data": "{}", "dashboard_id": "main-dashboard"}}]